goal,pledged,backers_count,country,staff_pick,spotlight,category,days_active,outcome
100,0,0,3,0,0,0,17,0
1400,14560,158,0,0,1,1,27,1
108400,142523,1425,4,0,0,2,20,1
4200,2477,24,0,0,0,1,40,0
7600,5265,53,0,0,0,3,4,0
7600,13195,174,5,0,0,3,19,1
5200,1090,18,1,0,0,4,1,0
4500,14741,227,5,0,0,3,24,1
6200,3208,44,0,0,0,5,49,0
5200,13838,220,0,0,0,6,48,1
6300,3030,27,0,0,1,3,6,0
6300,5629,55,0,0,0,6,8,0
4200,10295,98,0,0,0,7,57,1
28200,18829,200,0,0,0,7,27,0
81200,38414,452,0,0,0,8,4,0
1700,11041,100,0,0,0,9,22,1
84600,134845,1249,0,0,0,10,21,1
62500,30331,674,0,0,1,3,21,0
131800,147936,1396,0,0,0,6,29,1
94000,38533,558,0,0,0,3,34,0
59100,75690,890,0,0,0,3,15,1
4500,14942,142,1,0,0,4,53,1
92400,104257,2673,0,0,0,8,48,1
5500,11904,163,0,0,1,11,20,1
2000,1599,15,0,0,0,1,8,0
130800,137635,2220,0,0,1,3,23,1
45900,150965,1606,6,0,0,12,40,1
9000,14455,129,0,0,0,10,55,1
3500,10850,226,1,0,0,11,28,1
101000,87676,2307,2,0,0,4,27,0
50200,189666,5419,0,0,0,3,37,1
9300,14025,165,0,0,0,4,38,1
125500,188628,1965,5,0,1,6,42,1
700,1101,16,0,0,0,3,25,1
8100,11339,107,0,0,1,13,33,1
3100,10085,134,0,0,0,14,36,1
9900,5027,88,5,0,0,3,14,0
8800,14878,198,0,0,1,8,19,1
5600,11924,111,2,0,1,1,26,1
1800,7991,222,0,0,0,0,20,1
90200,167717,6212,0,0,0,15,16,1
1600,10541,98,5,0,0,13,35,1
9500,4530,48,0,0,1,3,15,0
3700,4247,92,0,0,0,1,23,1
1500,7129,149,0,0,0,3,30,1
33300,128862,2431,0,0,0,3,48,1
7200,13653,303,0,0,0,1,45,1
100,2,1,2,0,0,16,28,0
158100,145243,1467,1,0,1,8,16,0
7200,2459,75,0,0,0,3,4,0
8800,12356,209,0,0,0,6,39,1
6000,5392,120,0,0,0,8,6,0
6600,11746,131,0,0,0,17,48,1
8000,11493,164,0,0,0,8,43,1
2900,6243,201,0,0,0,11,38,1
2700,6132,211,0,0,0,3,44,1
1400,3851,128,0,0,1,3,15,1
94200,135997,1600,3,0,0,3,19,1
199200,184750,2253,3,0,0,3,40,0
2000,14452,249,0,0,0,2,54,1
4700,557,5,0,0,0,3,6,0
2800,2734,38,0,0,1,2,15,0
6100,14405,236,0,0,0,3,41,1
2900,1307,12,0,0,1,3,5,0
72600,117892,4065,1,0,1,8,36,1
5700,14508,246,2,0,1,3,47,1
128000,158389,2475,2,0,1,3,49,1
6000,6484,76,0,0,0,3,56,1
600,4022,54,0,0,0,10,36,1
1400,9253,88,0,0,0,17,46,1
3900,4776,85,1,0,0,16,47,1
9700,14606,170,0,0,0,14,43,1
122900,95993,1684,0,1,1,3,49,0
9500,4460,56,0,0,1,10,14,0
4500,13536,330,0,0,0,18,59,1
57800,40228,838,0,0,0,3,5,0
1100,7012,127,0,0,0,11,30,1
16800,37857,411,0,0,0,1,25,1
1000,14973,180,1,0,1,11,41,1
106400,39996,1000,0,0,0,5,22,0
31400,41564,374,0,0,0,8,16,1
4900,6430,71,4,0,0,7,48,1
7400,12405,203,0,1,0,3,58,1
198500,123040,1482,4,0,1,1,11,0
4800,12516,113,0,0,0,18,22,1
3400,8588,96,0,0,0,3,23,1
7800,6132,106,0,0,1,3,0,0
154300,74688,679,2,0,0,18,28,0
20000,51775,498,6,0,1,11,42,1
2900,8807,180,1,0,0,2,28,1
900,1017,27,0,0,0,4,32,1
69700,151513,2331,0,0,0,3,41,1
1300,12047,113,0,0,0,0,54,1
97800,32951,1220,4,0,0,11,4,0
7600,14951,164,0,0,0,3,29,1
100,1,1,0,0,0,3,18,0
900,9193,164,0,0,1,5,51,1
3700,10422,336,0,0,1,8,50,1
10000,2461,37,2,0,0,5,9,0
119200,170623,1917,0,0,0,7,32,1
6800,9829,95,0,0,0,2,18,1
3900,14006,147,0,0,0,3,22,1
3500,6527,86,0,0,1,3,17,1
1500,8929,83,0,0,0,4,37,1
5200,3079,60,0,0,0,19,2,0
142400,21307,296,0,0,0,0,19,0
61400,73653,676,0,0,0,15,20,1
4700,12635,361,4,0,0,2,15,1
3300,12437,131,0,0,0,0,53,1
1900,13816,126,0,0,1,8,18,1
166700,145382,3304,2,0,0,13,35,0
7200,6336,73,0,0,0,3,1,0
4900,8523,275,0,0,0,19,48,1
5400,6351,67,0,0,0,14,19,1
5000,10748,154,0,0,1,4,17,1
75100,112272,1782,0,0,1,20,53,1
45300,99361,903,0,0,0,11,16,1
136800,88055,3387,0,0,0,13,27,0
177700,33092,662,3,1,0,3,3,0
2600,9562,94,2,0,0,14,53,1
5300,8475,180,0,0,0,3,32,1
180200,69617,774,0,0,1,3,28,0
103200,53067,672,3,0,0,3,3,0
9600,14925,533,5,0,0,6,16,1
164700,166116,2443,1,0,0,2,40,1
3300,3834,89,0,0,1,3,16,1
4500,13985,159,0,0,0,21,22,1
99500,89288,940,6,0,1,4,49,0
7700,5488,117,0,0,1,3,5,0
1800,4712,50,0,0,0,9,31,1
9600,9216,115,0,0,0,20,6,0
92100,19246,326,0,0,1,8,16,0
5500,12274,186,0,0,0,4,50,1
64300,65323,1071,0,0,0,2,53,1
5000,11502,117,0,0,0,2,41,1
5400,7322,70,0,0,0,7,20,1
9000,11619,135,0,0,0,3,20,1
25000,59128,768,6,0,0,8,47,1
8300,9337,199,0,0,1,3,19,1
9300,11255,107,0,0,0,8,54,1
6200,13632,195,0,0,0,7,52,1
100,1,1,0,0,0,1,1,0
137200,88037,1467,0,0,0,5,51,0
41500,175573,3376,0,0,0,7,22,1
189400,176112,5681,0,0,0,3,6,0
171300,100650,1059,0,0,1,7,23,0
139500,90706,1194,0,0,0,3,15,0
4200,2212,30,4,0,0,14,12,0
2100,4640,41,0,0,0,1,56,1
191200,191222,1821,0,0,1,3,18,1
8000,12985,164,0,0,0,8,16,1
5500,4300,75,0,0,1,2,6,0
6100,9134,157,6,0,0,1,30,1
3500,8864,246,0,0,1,14,49,1
150500,150755,1396,0,0,0,3,43,1
90400,110279,2506,0,0,0,2,32,1
9800,13439,244,0,0,0,14,59,1
2600,10804,146,4,0,0,3,37,1
128100,40107,955,5,0,1,7,23,0
23300,98811,1267,0,0,1,12,28,1
188100,5528,67,0,0,0,7,7,0
4900,521,5,0,0,0,18,22,0
800,663,26,0,0,1,4,15,0
96700,157635,1561,0,0,0,3,28,1
600,5368,48,0,0,1,8,20,1
181200,47459,1130,0,0,0,3,19,0
115000,86060,782,0,0,0,3,9,0
38800,161593,2739,0,0,0,3,25,1
7200,6927,210,0,0,0,0,9,0
44500,159185,3537,3,0,1,3,59,1
56000,172736,2107,4,0,0,8,16,1
8600,5315,136,0,0,0,2,18,0
27100,195750,3318,5,0,0,3,16,1
5100,3525,86,3,0,0,1,13,0
3600,10550,340,0,0,0,3,24,1
1000,718,19,0,0,0,19,11,0
88800,28358,886,0,0,0,3,15,0
60200,138384,1442,3,0,1,12,28,1
8200,2625,35,2,0,0,3,1,0
3700,2538,24,0,0,1,3,1,0
8400,3188,86,2,0,0,3,3,0
42600,8517,243,0,0,0,1,4,0
6600,3012,65,0,1,0,7,4,0
7100,8716,126,0,0,0,16,16,1
15800,57157,524,0,0,0,5,35,1
8200,5178,100,5,0,0,8,19,0
54700,163118,1989,0,0,0,6,14,1
63200,6041,168,0,0,0,5,29,0
1800,968,13,0,0,0,1,4,0
100,2,1,3,0,0,3,11,0
2100,14305,157,0,0,0,2,18,1
143900,193413,4498,4,0,0,3,14,1
75000,2529,40,0,0,0,17,10,0
1300,5614,80,0,1,0,3,28,1
1000,4257,43,0,0,1,1,20,1
196900,199110,2053,0,0,0,4,24,1
9400,6338,226,5,0,0,22,27,0
104400,99100,1625,0,0,0,3,24,0
8100,12300,168,0,0,0,3,46,1
87900,171549,4289,0,0,1,7,35,1
1400,14324,165,0,0,0,1,59,1
156800,6024,143,0,0,0,3,2,0
121700,188721,1815,0,0,0,3,34,1
129400,57911,934,0,0,0,22,9,0
5700,12309,397,1,0,1,12,34,1
41700,138497,1539,0,0,0,10,32,1
7900,667,17,0,1,0,3,18,0
121500,119830,2179,0,1,0,0,2,0
4800,6623,138,0,0,0,14,26,1
87300,81897,931,0,0,0,3,14,0
46300,186885,3594,0,0,0,22,45,1
67800,176398,5880,0,1,0,1,56,1
3000,10999,112,0,0,0,14,37,1
60900,102751,943,0,0,0,20,44,1
137900,165352,2468,0,0,0,10,25,1
85600,165798,2551,0,0,1,20,48,1
2400,10084,101,0,0,0,11,28,1
3400,5823,92,0,0,0,3,45,1
3800,6000,62,0,0,0,10,16,1
7500,8181,149,2,0,1,11,48,1
8600,3589,92,0,0,0,10,5,0
39500,4323,57,4,0,1,1,7,0
9300,14822,329,0,0,0,10,19,1
2400,10138,97,5,0,1,3,25,1
3200,3127,41,0,0,0,8,4,0
29400,123124,1784,0,0,0,3,58,1
168500,171729,1684,4,0,1,9,29,1
8400,10729,250,0,0,1,1,56,1
2300,10240,238,0,0,0,3,43,1
700,3988,53,0,0,0,3,52,1
2900,14771,214,0,0,0,3,17,1
4500,14649,222,0,0,0,2,34,1
19800,184658,1884,0,0,1,13,15,1
6200,13103,218,4,0,0,20,38,1
61500,168095,6465,0,0,0,18,14,1
100,3,1,0,0,0,1,35,0
7100,3840,101,0,0,0,3,2,0
1000,6263,59,0,0,0,3,18,1
121500,108161,1335,3,0,0,6,12,0
4600,8505,88,0,0,0,9,22,1
80500,96735,1697,0,0,1,1,54,1
4100,959,15,1,0,0,1,37,0
5700,8322,92,0,0,0,3,14,1
5000,13424,186,0,0,1,3,20,1
1800,10755,138,0,1,0,14,19,1
6300,9935,261,0,0,0,1,50,1
84300,26303,454,0,0,1,1,4,0
1700,5328,107,0,0,1,7,26,1
2900,10756,199,0,0,0,14,53,1
45600,165375,5512,0,0,0,3,16,1
4900,6031,86,0,0,0,3,44,1
111900,85902,3182,2,0,1,17,33,0
61600,143910,2768,4,0,0,3,16,1
1500,2708,48,0,0,0,4,46,1
3500,8842,87,0,0,0,19,21,1
51100,155349,1894,0,0,1,3,25,1
7800,10704,282,3,0,0,3,29,1
2400,773,15,0,0,0,3,5,0
3900,9419,116,0,0,0,18,21,1
5500,5324,133,0,0,1,11,5,0
700,7465,83,0,0,0,3,16,1
2700,8799,91,0,0,0,2,25,1
8000,13656,546,0,0,0,3,40,1
2500,14536,393,0,0,0,10,21,1
164500,150552,2062,0,0,1,3,21,0
8400,9076,133,0,0,1,19,55,1
8100,1517,29,5,0,0,1,5,0
9800,8153,132,0,0,0,2,5,0
900,6357,254,0,0,0,3,38,1
6300,13213,176,0,0,0,5,21,1
5600,5476,137,5,0,1,16,1,0
800,13474,337,3,0,0,3,18,1
168600,91722,908,0,0,1,4,32,0
1800,8219,107,0,1,0,2,48,1
7300,717,10,0,0,0,0,18,0
600,8038,183,0,0,0,3,30,1
192900,68769,1910,6,0,0,3,25,0
6100,3352,38,4,0,0,3,22,0
7200,6785,104,4,0,1,3,9,0
3500,5037,72,0,0,1,1,18,1
3800,1954,49,0,0,0,0,56,0
100,5,1,5,0,1,9,1,0
900,12102,295,0,0,0,4,17,1
76100,24234,245,0,0,0,3,14,0
3400,2809,32,0,0,0,7,5,0
2100,11469,142,0,0,0,4,41,1
2800,8014,85,0,0,0,3,41,1
6500,514,7,0,0,1,3,3,0
32900,43473,659,5,0,1,13,20,1
118200,87560,803,0,0,0,3,1,0
7800,1586,16,0,0,0,11,16,0
6300,12812,121,0,0,0,3,27,1
59100,183345,3742,0,0,0,3,34,1
2200,8697,223,0,0,0,1,53,1
1400,4126,133,0,0,1,4,38,1
9500,3220,31,0,0,0,3,29,0
9600,6401,108,2,0,1,0,1,0
6600,1269,30,0,0,0,3,13,0
5700,903,17,0,0,0,1,2,0
84400,8092,80,0,0,0,13,9,0
170400,160422,2468,0,0,0,12,8,0
117900,196377,5168,0,0,0,3,55,1
8900,2148,26,1,0,0,4,2,0
7100,11648,307,0,0,1,3,25,1
6500,5897,73,0,0,1,3,23,0
7200,3326,128,0,0,0,10,6,0
2600,1002,33,0,0,1,3,4,0
98700,131826,2441,0,0,0,1,35,1
33700,62330,1385,1,0,0,4,58,1
3300,14643,190,0,0,0,0,43,1
20700,41396,470,0,0,0,8,43,1
9600,11900,253,0,0,0,3,28,1
66200,123538,1113,0,0,0,1,19,1
173800,198628,2283,0,0,0,1,59,1
70700,68602,1072,0,0,1,1,1,0
94500,116064,1095,0,0,0,3,17,1
69800,125042,1690,0,0,0,3,30,1
37100,34964,393,0,0,0,14,1,0
114300,96777,1257,0,0,0,7,7,0
47900,31864,328,0,0,0,3,12,0
9000,4853,147,0,0,0,3,53,0
197600,82959,830,0,0,0,11,40,0
157600,23159,331,1,0,0,6,1,0
8000,2758,25,0,0,1,7,55,0
900,12607,191,0,0,0,2,24,1
199000,142823,3483,0,0,0,0,13,0
180800,95958,923,0,0,0,3,30,0
100,5,1,0,0,1,17,18,0
74100,94631,2013,0,0,0,1,14,1
2800,977,33,3,0,0,3,8,0
33600,137961,1703,0,0,0,3,35,1
6100,7548,80,5,0,0,4,14,1
9300,3431,40,2,0,0,3,9,0
2300,4253,41,0,0,0,11,25,1
9700,1146,23,3,1,0,14,3,0
4000,11948,187,0,0,0,10,40,1
59700,135132,2875,1,0,1,3,14,1
5500,9546,88,0,0,0,3,24,1
3700,13755,191,0,0,0,1,38,1
5200,8330,139,0,0,0,1,27,1
900,14547,186,0,0,0,7,30,1
1600,11735,112,4,0,0,3,27,1
1800,10658,101,0,0,1,3,32,1
9900,1870,75,0,0,1,3,24,0
5200,14394,206,1,0,1,4,23,1
5400,14743,154,0,0,1,19,39,1
112300,178965,5966,0,0,0,3,30,1
189200,128410,2176,0,0,0,3,51,0
900,14324,169,0,0,1,4,20,1
22500,164291,2106,0,0,0,3,55,1
167400,22073,441,0,0,1,4,5,0
2700,1479,25,0,0,0,7,57,0
3400,12275,131,0,0,0,1,40,1
49700,5098,127,0,0,0,3,14,0
178200,24882,355,0,0,0,4,38,0
7200,2912,44,1,0,0,3,14,0
2500,4008,84,0,0,0,3,44,1
5300,9749,155,0,0,0,3,46,1
9100,5803,67,0,0,0,14,19,0
6300,14199,189,0,0,1,0,49,1
114400,196779,4799,0,1,1,4,27,1
38900,56859,1137,0,0,0,9,32,1
135500,103554,1068,0,0,0,3,12,0
109000,42795,424,0,0,0,8,5,0
83000,101352,1152,0,0,0,3,27,1
2400,4477,50,0,0,0,14,15,1
60400,4393,151,0,0,0,9,2,0
102900,67546,1608,0,0,0,8,2,0
62800,143788,3059,3,0,0,17,36,1
800,3755,34,0,0,1,4,46,1
7100,9238,220,0,1,0,3,55,1
46100,77012,1604,4,0,0,6,39,1
8100,14083,454,0,0,0,1,47,1
1700,12202,123,2,0,1,10,30,1
97300,62127,941,0,0,0,7,7,0
100,2,1,0,0,1,14,22,0
900,13772,299,0,0,0,3,49,1
7300,2946,40,0,0,1,12,47,0
195800,168820,3015,3,0,1,3,36,0
48900,154321,2237,0,0,0,3,46,1
29600,26527,435,0,0,0,3,50,0
39300,71583,645,0,1,0,4,23,1
3400,12100,484,5,0,0,3,55,1
9200,12129,154,3,0,0,4,20,1
135600,62804,714,0,0,0,1,4,0
7800,8161,82,0,0,0,3,59,1
2100,14046,134,0,0,0,13,35,1
188200,159405,5497,0,0,1,0,8,0
113500,12552,418,0,0,0,3,17,0
134600,59007,1439,0,0,1,4,9,0
1700,943,15,0,0,0,3,24,0
163700,93963,1999,3,0,0,4,1,0
113800,140469,5203,0,0,0,2,27,1
5000,6423,94,0,0,0,3,14,1
9400,6015,118,0,0,1,8,30,0
8700,11075,205,0,0,1,3,20,1
147800,15723,162,0,0,1,0,2,0
5100,2064,83,0,0,0,7,6,0
2700,7767,92,0,0,0,14,54,1
1800,10313,219,0,0,0,3,56,1
174500,197018,2526,0,0,1,3,32,1
101400,47037,747,0,0,0,10,7,0
8100,5487,84,0,0,0,3,34,0
5100,9817,94,0,1,0,3,17,1
7700,6369,91,0,0,0,3,20,0
121400,65755,792,0,0,1,4,16,0
152400,178120,1713,2,0,1,3,52,1
1300,13678,249,0,0,0,17,23,1
8100,9969,192,0,0,1,10,47,1
8300,14827,247,0,0,0,3,30,1
28400,100900,2293,0,0,0,22,17,1
102500,165954,3131,0,0,0,19,56,1
7000,1744,32,0,0,0,8,28,0
5400,10731,143,2,0,0,3,16,1
6200,10938,296,0,0,1,7,37,1
2100,10739,170,0,0,1,3,21,1
6800,5579,186,0,0,0,8,2,0
89900,45384,605,0,0,1,11,2,0
900,8703,86,5,0,0,11,17,1
100,4,1,3,0,0,10,23,0
148400,182302,6286,0,0,0,1,31,1
4800,3045,31,0,0,0,6,1,0
182400,102749,1181,0,0,0,22,41,0
4000,1763,39,0,0,1,6,36,0
116500,137904,3727,0,0,0,3,23,1
146400,152438,1605,0,0,1,7,35,1
5000,1332,46,0,0,0,3,2,0
33800,118706,2120,0,0,0,3,44,1
6300,5674,105,0,0,0,4,25,0
2400,4119,50,0,0,0,3,59,1
98800,139354,2080,0,0,0,6,20,1
188800,57734,535,0,0,0,20,38,0
134300,145265,2105,0,0,0,10,20,1
71200,95020,2436,0,0,0,3,14,1
4700,8829,80,0,0,0,18,47,1
1200,3984,42,0,0,1,8,23,1
1400,8053,139,3,0,1,2,55,1
4000,1620,16,0,0,0,3,16,0
5600,10328,159,0,0,0,6,41,1
3600,10289,381,0,0,0,8,17,1
3100,9889,194,1,0,1,0,35,1
153800,60342,575,0,0,0,1,54,0
5000,8907,106,0,0,0,5,32,1
4000,14606,142,0,0,0,19,57,1
7400,8432,211,0,0,1,18,17,1
191500,57122,1120,0,0,0,13,6,0
8500,4613,113,0,0,0,22,27,0
68800,162603,2756,0,0,0,8,23,1
2400,12310,173,1,0,0,0,48,1
8600,8656,87,0,0,1,14,29,1
196600,159931,1538,0,0,1,3,42,0
4200,689,9,0,0,1,13,11,0
91400,48236,554,0,0,0,3,7,0
29600,77021,1572,1,0,1,0,49,1
90600,27844,648,1,0,0,3,41,0
5200,702,21,1,0,1,18,15,0
110300,197024,2346,0,0,0,3,33,1
5300,11663,115,0,0,0,3,17,1
9200,9339,85,2,0,0,8,55,1
2400,4596,144,0,0,0,23,19,1
56800,173437,2443,0,0,1,0,26,1
900,6514,64,0,0,0,14,16,1
2500,13684,268,0,0,0,8,40,1
3200,13264,195,5,0,0,3,18,1
183800,1667,54,0,0,0,10,17,0
9800,3349,120,0,0,1,8,0,0
193400,46317,579,5,0,0,2,2,0
163800,78743,2072,0,0,1,4,5,0
100,0,0,0,0,1,3,28,0
153600,107743,1796,0,0,0,4,2,0
1300,6889,186,4,0,1,11,29,1
25500,45983,460,0,0,0,6,20,1
7500,6924,62,2,0,0,1,1,0
89900,12497,347,0,0,1,15,42,0
18000,166874,2528,0,0,1,3,17,1
2100,837,19,0,0,1,2,49,0
172700,193820,3657,0,0,0,3,21,1
168500,119510,1258,0,0,0,3,10,0
7800,9289,131,4,0,0,6,24,1
147800,35498,362,0,0,0,3,10,0
9100,12678,239,0,0,1,11,24,1
8600,4797,133,3,0,1,3,2,0
125400,53324,846,0,0,0,9,38,0
5900,6608,78,0,0,0,0,60,1
8800,622,10,0,0,1,10,2,0
177700,180802,1773,0,0,1,1,14,1
800,3406,32,0,0,0,3,34,1
7600,11061,369,0,0,1,6,32,1
50500,16389,191,0,0,0,12,12,0
900,6303,89,0,0,0,12,52,1
96700,81136,1979,0,0,0,3,13,0
2100,1768,63,0,0,0,8,4,0
8300,12944,147,0,0,1,3,37,1
189200,188480,6080,3,0,0,10,36,0
9000,7227,80,1,0,0,7,45,0
5100,574,9,0,0,0,11,28,0
105000,96328,1784,0,0,1,13,14,0
1600,8046,126,3,0,0,3,29,1
115600,184086,2218,1,0,0,7,36,1
89100,13385,243,0,0,1,6,1,0
2600,12533,202,2,0,1,3,30,1
9800,14697,140,2,0,0,13,26,1
84400,98935,1052,5,1,1,4,23,1
151300,57034,1296,0,0,0,20,16,0
9800,7120,77,0,0,1,0,6,0
5300,14097,247,0,0,0,14,22,1
178000,43086,395,2,0,0,20,26,0
77000,1930,49,1,0,0,7,30,0
84900,13864,180,0,0,0,11,15,0
2800,7742,84,0,0,0,1,52,1
184800,164109,2690,0,0,0,3,20,0
4200,6870,88,0,0,1,3,30,1
1300,12597,156,0,0,0,6,60,1
66100,179074,2985,0,0,0,3,36,1
29500,83843,762,0,0,0,8,57,1
180100,105598,2779,4,0,1,2,40,0
9000,8866,92,0,0,0,3,2,0
170600,75022,1028,0,0,0,1,1,0
9500,14408,554,3,0,0,7,35,1
6300,14089,135,5,0,0,1,31,1
5200,12467,122,0,0,1,18,20,1
6000,11960,221,0,0,1,22,20,1
5800,7966,126,0,0,0,3,43,1
105300,106321,1022,0,0,0,3,32,1
20000,158832,3177,0,0,0,10,40,1
3000,11091,198,6,0,0,3,33,1
9900,1269,26,6,0,0,1,2,0
3700,5107,85,4,0,0,4,20,1
168700,141393,1790,0,0,0,3,8,0
94900,194166,3596,0,0,0,3,20,1
9300,4124,37,0,0,1,5,23,0
6800,14865,244,0,0,0,1,60,1
72400,134688,5180,0,0,0,3,45,1
20100,47705,589,2,0,0,10,31,1
31200,95364,2725,0,0,1,1,56,1
3500,3295,35,2,0,0,12,47,0
6700,7496,300,0,0,0,23,25,1
2700,9967,144,0,0,1,0,38,1
83300,52421,558,0,0,1,3,3,0
9700,6298,64,0,0,0,3,17,0
96500,16168,245,0,0,0,22,3,0
6200,6269,87,0,0,0,17,53,1
43800,149578,3116,0,0,0,3,19,1
6000,3841,71,0,0,0,2,15,0
8700,4531,42,0,0,1,11,5,0
18900,60934,909,0,0,0,4,17,1
86400,103255,1613,0,0,0,2,14,1
8900,13065,136,0,0,0,18,46,1
700,6654,130,0,0,0,1,19,1
9400,6852,156,3,0,1,0,52,0
157600,124517,1368,1,0,0,3,31,0
7900,5113,102,0,0,0,4,7,0
7100,5824,86,4,0,0,15,11,0
600,6226,102,0,0,0,11,16,1
156800,20243,253,0,0,0,3,9,0
121600,188288,4006,0,0,0,10,51,1
157300,11167,157,0,0,1,3,3,0
70300,146595,1629,0,0,1,3,21,1
7900,7875,183,0,0,1,6,7,0
73800,148779,2188,0,0,0,3,18,1
108500,175868,2409,2,0,0,1,29,1
140300,5112,82,5,0,0,4,8,0
100,5,1,1,0,0,0,12,0
6300,13018,194,0,1,0,8,17,1
71100,91176,1140,0,0,0,3,35,1
5300,6342,102,0,0,0,3,27,1
88700,151438,2857,0,0,0,3,21,1
3300,6178,107,0,0,0,9,41,1
3400,6405,160,1,0,0,1,23,1
137600,180667,2230,0,0,0,0,19,1
3900,11075,316,0,0,1,17,33,1
10000,12042,117,0,0,0,22,17,1
42800,179356,6406,0,0,0,3,14,1
6200,8645,192,0,0,0,5,23,1
1100,1914,26,3,0,0,3,59,1
26500,41205,723,0,0,0,3,18,1
8500,14488,170,2,0,0,3,23,1
6400,12129,238,1,0,1,7,43,1
1400,3496,55,0,0,0,3,46,1
198600,97037,1198,0,0,0,9,21,0
195900,55757,648,0,1,1,3,1,0
4300,11525,128,4,0,0,14,21,1
25600,158669,2144,0,0,0,3,24,1
189000,5916,64,0,0,0,7,26,0
94300,150806,2693,1,0,0,3,59,1
5100,14249,432,0,0,0,14,49,1
7500,5803,62,0,0,0,3,14,0
6400,13205,189,0,0,1,3,23,1
1600,11108,154,1,1,0,0,24,1
1900,2884,96,0,0,0,7,25,1
85900,55476,750,0,0,1,3,2,0
59200,183756,3063,0,0,0,3,48,1
6700,5569,105,0,0,0,10,4,0
139000,158590,2266,0,0,0,19,32,1
197700,127591,2604,5,0,1,10,45,0
8500,6750,65,0,0,0,3,8,0
81600,9318,94,0,0,1,3,12,0
119800,19769,257,0,0,0,3,3,0
9400,11277,194,6,0,0,3,28,1
9200,13382,129,3,0,0,8,32,1
14900,32986,375,0,0,0,3,18,1
169400,81984,2928,3,0,0,3,16,0
192100,178483,4697,0,0,1,1,21,0
98700,87448,2915,0,0,0,11,11,0
4500,1863,18,0,0,0,18,24,0
121700,59003,602,6,1,1,3,11,0
100,2,1,0,0,0,17,27,0
196700,174039,3868,2,0,0,12,15,0
10000,12684,409,0,0,0,2,43,1
600,14033,234,0,0,0,2,32,1
35000,177936,3016,0,0,0,16,55,1
6900,13212,264,0,1,0,14,55,1
118400,49879,504,4,0,0,0,5,0
10000,824,14,0,0,0,22,16,0
120700,57010,750,1,0,0,4,1,0
9100,7438,77,0,1,0,3,9,0
106800,57872,752,5,0,0,17,30,0
9100,8906,131,0,0,0,3,4,0
10000,7724,87,0,0,0,3,23,0
79400,26571,1063,0,0,0,17,10,0
5100,12219,272,0,0,1,4,14,1
6900,12155,419,0,0,0,23,31,1
27500,5593,76,0,0,0,3,12,0
48800,175020,1621,2,0,0,3,26,1
16200,75955,1101,0,0,0,7,43,1
97600,119127,1073,0,0,1,3,38,1
197900,110689,4428,4,0,0,3,10,0
5600,2445,58,2,0,0,7,21,0
9700,11929,331,0,0,0,23,51,1
62300,118214,1170,0,0,0,14,49,1
5300,4432,111,0,0,0,13,50,0
1400,14511,363,0,0,1,0,25,1
145600,141822,2955,0,0,1,20,2,0
184100,159037,1657,0,0,0,3,6,0
5400,8109,103,0,0,0,3,52,1
2300,8244,147,0,0,0,3,38,1
1400,7600,110,3,0,0,9,20,1
140000,94501,926,3,0,0,3,24,0
7500,14381,134,0,0,0,8,25,1
1500,13980,269,0,0,0,3,29,1
2900,12449,175,0,0,1,19,16,1
7300,7348,69,0,0,0,2,42,1
3600,8158,190,0,0,1,4,36,1
5000,7119,237,0,1,1,4,17,1
6000,5438,77,1,0,0,1,18,0
180400,115396,1748,0,0,0,3,17,0
9100,7656,79,0,0,0,3,37,0
9200,12322,196,2,1,0,1,16,1
164100,96888,889,0,0,1,3,1,0
128900,196960,7295,0,0,0,5,21,1
42100,188057,2893,3,0,0,8,14,1
7400,6245,56,0,0,0,6,1,0
100,3,1,0,0,0,8,15,0
52000,91014,820,0,1,0,3,56,1
8700,4710,83,0,0,0,8,5,0
63400,197728,2038,0,1,1,18,17,1
8700,10682,116,0,0,0,10,15,1
169700,168048,2025,1,0,0,9,4,0
108400,138586,1345,4,0,1,2,32,1
7300,11579,168,0,0,0,6,36,1
1700,12020,137,6,0,0,3,57,1
9800,13954,186,2,0,0,3,22,1
4300,6358,125,0,0,1,3,32,1
6200,1260,14,2,1,1,3,2,0
800,14725,202,0,0,0,3,41,1
6900,11174,103,0,0,0,15,40,1
38500,182036,1785,0,0,0,1,47,1
118000,28870,656,0,0,0,20,5,0
2000,10353,157,0,0,1,3,28,1
5600,13868,555,0,0,0,4,21,1
8300,8317,297,0,0,0,8,26,1
6900,10557,123,0,0,0,13,27,1
48500,75906,3036,0,0,0,4,27,1
4900,13250,144,4,0,0,3,21,1
8400,11261,121,1,0,1,3,55,1
193200,97369,1596,0,0,0,20,2,0
8900,14685,181,0,0,0,2,58,1
4200,735,10,0,0,0,3,11,0
5600,10397,122,0,0,0,6,57,1
28800,118847,1071,3,0,0,8,32,1
117000,107622,1121,0,0,1,1,23,0
15800,83267,980,0,0,0,16,43,1
4200,13404,536,0,0,1,3,47,1
37100,131404,1991,0,0,0,14,49,1
3700,5028,180,0,0,0,7,34,1
74700,1557,15,0,0,1,3,22,0
10000,6100,191,0,0,0,7,1,0
5300,1592,16,0,0,0,3,3,0
1200,14150,130,0,0,0,3,50,1
1200,13513,122,0,0,0,5,42,1
3900,504,17,0,0,1,3,6,0
2000,14240,140,0,0,1,3,37,1
6900,2091,34,0,0,0,8,27,0
55800,118580,3388,0,0,0,2,40,1
4900,11214,280,0,0,0,3,18,1
8600,13527,366,2,0,1,8,56,1
100,1,1,1,0,0,5,25,0
3600,8363,270,0,1,1,9,15,1
4700,12065,137,0,0,0,14,15,1
70400,118603,3205,0,0,0,3,53,1
4500,7496,288,5,0,1,3,22,1
1300,10037,148,0,0,0,3,34,1
1400,5696,114,0,0,0,6,47,1
29600,167005,1518,3,0,0,1,41,1
167500,114615,1274,0,0,0,5,30,0
48300,16592,210,2,0,1,11,29,0
2200,14420,166,0,0,0,1,52,1
3500,6204,100,4,0,0,17,41,1
5600,6338,235,0,0,1,3,35,1
1100,8010,148,0,0,0,1,50,1
3900,8125,198,0,1,1,7,25,1
43800,13653,248,4,0,0,22,1,0
97200,55372,513,0,0,0,18,45,0
4800,11088,150,0,0,0,3,15,1
125600,109106,3410,0,0,0,11,26,0
4300,11642,216,2,0,1,3,48,1
149600,169586,5139,0,0,0,7,20,1
53100,101185,2353,0,0,0,3,60,1
5000,6775,78,2,0,0,2,41,1
9400,968,10,0,0,0,1,10,0
110800,72623,2201,0,0,0,3,18,0
93800,45987,676,0,0,0,3,29,0
1300,10243,174,6,0,0,10,25,1
108700,87293,831,0,0,1,3,9,0
5100,5421,164,0,0,1,6,19,1
5100,10981,161,0,0,1,10,28,1
7400,10451,138,0,0,0,1,47,1
88900,102535,3308,0,0,0,2,51,1
6700,12939,127,4,0,1,10,34,1
1500,10946,207,2,0,1,17,27,1
61200,60994,859,3,0,0,1,9,0
9000,3351,45,0,0,0,3,37,0
2100,540,6,0,0,0,0,16,0
2000,680,7,0,0,1,3,28,0
1100,13045,181,6,0,0,9,31,1
6600,8276,110,0,0,0,1,30,1
7100,1022,31,0,0,0,6,3,0
7800,4275,78,0,0,1,20,7,0
7600,8332,185,0,0,0,2,23,1
3400,6408,121,0,0,1,3,28,1
84500,73522,1225,1,0,0,3,4,0
100,1,1,6,0,0,1,4,0
2300,4667,106,0,0,1,14,22,1
6200,12216,142,0,0,0,14,39,1
6100,6527,233,0,0,0,3,34,1
2600,6987,218,0,0,0,1,20,1
9700,4932,67,4,0,0,4,51,0
700,8262,76,0,0,1,6,24,1
700,1848,43,0,0,1,3,44,1
5200,1583,19,0,0,0,0,17,0
140800,88536,2108,6,0,0,4,1,0
6400,12360,221,0,0,1,3,29,1
92500,71320,679,0,0,1,11,2,0
59700,134640,2805,3,0,0,9,49,1
3200,7661,68,0,0,0,11,46,1
3200,2950,36,5,0,1,1,2,0
9000,11721,183,3,0,0,1,26,1
2300,14150,133,0,1,1,3,30,1
51300,189192,2489,2,0,1,9,28,1
700,7664,69,0,0,1,3,14,1
8900,4509,47,0,1,0,11,15,0
1500,12009,279,1,0,1,1,44,1
4900,14273,210,0,0,0,4,57,1
54000,188982,2100,0,0,0,1,17,1
4100,14640,252,0,1,1,1,25,1
85000,107516,1280,0,0,1,9,32,1
3600,13950,157,1,0,0,12,25,1
2800,12797,194,0,0,1,3,28,1
2300,6134,82,4,0,1,6,29,1
7100,4899,70,0,0,0,3,25,0
9600,4929,154,0,0,0,3,15,0
121600,1424,22,0,0,0,3,59,0
97100,105817,4233,0,0,0,14,34,1
43200,136156,1297,5,1,0,18,34,1
6800,10723,165,5,0,0,18,57,1
7300,11228,119,0,0,0,3,39,1
86200,77355,1758,0,0,0,2,6,0
8100,6086,94,0,0,0,7,11,0
17700,150960,1797,0,0,0,17,54,1
6400,8890,261,0,0,0,3,58,1
7700,14644,157,0,0,1,4,45,1
116300,116583,3533,0,0,1,3,26,1
9100,12991,155,0,0,0,2,16,1
1500,8447,132,2,0,0,8,20,1
8800,2703,33,0,0,0,14,6,0
69900,138087,1354,1,0,0,2,37,1
1000,5085,48,0,1,1,2,36,1
4700,11174,110,0,0,0,0,20,1
3200,10831,172,0,0,0,6,24,1
6700,8917,307,0,0,1,7,28,1
100,1,1,0,1,0,1,15,0
6000,12468,160,0,0,0,5,33,1
4900,2505,31,0,0,1,11,10,0
17100,111502,1467,3,0,1,7,57,1
171000,194309,2662,3,0,0,13,27,1
23400,23956,452,4,0,0,3,31,1
2400,8558,158,0,0,0,0,17,1
5300,7413,225,6,1,0,12,23,1
4000,2778,35,0,1,0,0,7,0
7300,2594,63,0,0,1,3,18,0
2000,5033,65,0,0,1,8,34,1
8800,9317,163,0,0,0,3,38,1
3500,6560,85,0,0,0,3,14,1
1400,5415,217,0,0,1,19,23,1
4200,14577,150,0,0,0,12,52,1
81000,150515,3272,0,0,0,3,18,1
4800,7797,300,0,0,0,0,21,1
7000,12939,126,0,0,0,3,60,1
161900,38376,526,0,0,0,6,14,0
7700,6920,121,0,0,0,3,25,0
71500,194912,2320,0,0,1,3,18,1
4700,7992,81,4,0,0,22,48,1
42100,79268,1887,0,0,0,14,56,1
40200,139468,4358,0,0,1,14,38,1
7900,5465,67,0,0,0,1,1,0
8300,2111,57,3,0,0,14,24,0
163600,126628,1229,0,0,0,0,1,0
2700,1012,12,2,0,0,16,24,0
1000,5438,53,0,0,0,9,19,1
84500,193101,2414,0,0,0,5,34,1
81300,31665,452,0,0,1,3,29,0
800,2960,80,0,0,0,3,26,1
3400,8089,193,0,0,0,12,36,1
170800,109374,1886,0,0,1,3,2,0
1800,2129,52,0,0,0,3,38,1
150600,127745,1825,0,0,0,7,18,0
7800,2289,31,0,0,1,3,47,0
5800,12174,290,0,0,0,3,19,1
5600,9508,122,0,0,1,5,50,1
134400,155849,1470,0,0,0,7,56,1
3000,7758,165,3,0,0,4,44,1
6000,13835,182,0,0,0,18,41,1
8400,10770,199,2,0,1,4,50,1
1700,3208,56,1,0,1,19,30,1
159800,11108,107,0,0,0,3,9,0
19800,153338,1460,4,0,1,0,56,1
8800,2437,27,0,0,0,3,2,0
179100,93991,1221,0,0,0,4,6,0
3100,12620,123,6,0,0,17,18,1
100,2,1,0,0,1,2,1,0
5600,8746,159,0,0,1,1,33,1
1400,3534,110,0,0,0,2,42,1
6500,795,16,0,0,0,15,4,0
7900,12955,236,0,0,0,3,58,1
5500,8964,191,0,1,1,4,36,1
9100,1843,41,0,0,0,3,7,0
38200,121950,3934,0,0,0,11,15,1
1800,8621,80,3,0,1,3,27,1
5800,11539,462,0,1,0,2,29,1
1800,14310,179,0,1,0,6,29,1
70200,35536,523,4,0,0,6,13,0
6400,3676,141,1,0,0,3,12,0
125900,195936,1866,1,0,0,19,42,1
3700,1343,52,0,0,0,14,9,0
3800,9021,156,6,0,0,15,57,1
35600,20915,225,4,0,1,3,32,0
5300,9676,255,0,1,0,10,20,1
160400,1210,38,0,0,0,2,14,0
51400,90440,2261,0,0,1,21,35,1
1700,4044,40,0,0,0,3,17,1
39400,192292,2289,2,0,0,3,53,1
3000,6722,65,0,0,0,3,38,1
8700,1577,15,0,0,0,0,4,0
7200,3301,37,0,0,0,3,29,0
167400,196386,3777,2,0,0,2,15,1
5500,11952,184,1,0,0,3,14,1
3500,3930,85,0,0,1,3,29,1
7900,5729,112,0,0,1,3,2,0
2300,4883,144,0,0,0,1,44,1
73000,175015,1902,0,0,0,3,23,1
6200,11280,105,0,0,0,3,55,1
6100,10012,132,0,0,0,3,51,1
103200,1690,21,0,1,0,3,3,0
9200,10093,96,0,0,1,13,36,1
7800,3839,67,0,0,1,11,17,0
43000,5615,78,0,1,0,3,35,0
9600,6205,67,4,0,0,3,3,0
7500,11969,114,0,0,0,0,35,1
10000,8142,263,4,0,0,14,19,0
172000,55805,1691,0,1,0,14,15,0
153700,15238,181,0,0,0,3,2,0
3600,961,13,0,0,0,3,7,0
5900,9520,203,0,0,0,2,19,1
100,5,1,0,0,1,3,5,0
14500,159056,1559,0,0,1,1,39,1
3300,1980,21,0,0,1,22,36,0
42600,156384,1548,4,0,0,2,24,1
700,7763,80,0,0,0,3,58,1
187600,35698,830,0,0,0,22,4,0
9800,12434,131,0,0,0,3,26,1
1100,8081,112,0,0,0,10,22,1
145000,6631,130,0,0,0,18,28,0
5500,4678,55,0,0,0,2,37,0
5700,6800,155,0,0,0,18,22,1
3600,10657,266,0,0,0,0,21,1
5900,4997,114,2,0,1,14,6,0
3700,13164,155,0,0,0,3,50,1
2200,8501,207,1,0,0,1,40,1
1700,13468,245,0,0,0,3,60,1
88400,121138,1573,0,0,0,21,37,1
2400,8117,114,0,0,0,0,15,1
7900,8550,93,0,0,0,3,60,1
94900,57659,594,0,0,0,3,1,0
5100,1414,24,0,0,0,19,6,0
42700,97524,1681,0,0,1,2,38,1
121100,26176,252,0,0,1,3,2,0
800,2991,32,0,0,0,7,54,1
5400,8366,135,0,0,1,3,39,1
4000,12886,140,0,0,1,3,56,1
7000,5177,67,0,0,0,0,32,0
1000,8641,92,0,0,0,11,22,1
60200,86244,1015,1,0,0,3,54,1
195200,78630,742,0,1,0,9,5,0
6700,11941,323,0,0,0,2,33,1
7200,6115,75,0,0,1,4,2,0
129100,188404,2326,0,0,0,4,15,1
6500,9910,381,0,0,0,3,26,1
170600,114523,4405,0,0,1,1,26,0
7800,3144,92,0,0,0,1,14,0
6200,13441,480,0,0,0,4,14,1
9400,4899,64,0,0,0,15,21,0
2400,11990,226,0,0,0,18,15,1
7800,6839,64,0,0,1,6,22,0
9800,11091,241,0,0,1,1,56,1
3100,13223,132,0,0,1,6,14,1
141100,74073,842,0,0,1,18,6,0
97300,153216,2043,0,0,1,0,29,1
6600,4814,112,0,0,0,3,30,0
66600,37823,374,0,0,1,7,14,0
53084,4378,882,0,0,0,3,20,0
23367,21255,795,4,0,0,3,15,0
32201,29605,1371,0,0,0,6,36,0
80824,38887,1182,0,0,0,0,4,0
98029,75326,1155,0,0,0,3,21,0
57071,44798,296,3,0,1,8,8,0
87797,17458,918,3,0,0,10,38,0
34382,3463,1248,0,0,0,8,47,0
78757,67384,1377,0,0,0,17,18,0
74958,62267,1314,0,0,0,4,25,0
90080,74935,1833,0,0,0,2,3,0
19849,12208,46,0,0,0,9,13,0
25723,9871,1800,0,0,0,4,47,0
43010,41362,1638,5,0,0,0,15,0
43580,2873,4,6,1,0,4,44,0
34839,6202,1293,0,0,0,20,54,0
83226,76883,4,1,0,0,3,58,0
81864,11923,1863,6,0,0,3,33,0
42406,10961,132,0,0,0,11,22,0
39862,25266,484,0,0,0,3,21,0
61838,19279,1769,0,1,0,5,29,0
49568,10729,1233,0,0,0,3,28,0
81765,44049,744,5,0,0,5,26,0
62762,54599,930,0,0,0,14,29,0
43881,2744,1441,0,0,0,17,36,0
90354,47097,265,3,0,0,19,6,0
89990,48280,339,0,0,0,3,9,0
93929,15850,1054,0,0,0,10,56,0
55701,16660,1112,3,0,0,4,47,0
8052,7694,721,0,0,0,3,57,0
56557,46339,524,0,0,0,3,3,0
63815,20901,1170,0,0,0,3,56,0
71224,33711,58,0,0,0,1,38,0
72040,30461,21,0,0,0,3,22,0
83701,57401,1503,0,0,0,3,57,0
65417,18120,1620,0,0,0,1,36,0
43544,40206,1329,2,0,0,4,52,0
53803,22585,1456,0,0,0,4,31,0
99772,59223,1710,0,0,0,14,3,0
93465,31077,641,0,0,0,19,29,0
40151,20319,1082,0,0,0,4,12,0
78077,23855,476,0,0,0,17,16,0
48358,1866,1407,0,0,0,1,32,0
93688,12933,1186,0,0,0,11,38,0
60112,17976,1744,0,0,0,3,48,0
68591,623,933,0,0,0,2,52,0
59245,56668,1476,0,0,0,1,26,0
29001,26857,889,0,0,0,7,34,0
92788,2896,1820,0,0,0,3,14,0
90901,84814,1962,0,0,0,18,41,0
72598,4624,387,0,0,0,3,57,0
90284,60667,1597,0,0,0,3,8,0
37114,30213,8,0,0,1,3,51,0
27931,18144,1985,0,0,0,11,2,0
90926,82478,1925,0,0,0,3,11,0
49148,5546,820,0,0,0,14,33,0
95577,12331,1703,0,0,1,3,21,0
55867,46654,1658,3,0,0,9,38,0
68232,63570,16,0,0,0,11,41,0
54104,53761,976,0,0,0,3,54,0
29841,23096,50,0,0,0,3,16,0
80383,33756,288,0,0,0,3,28,0
74367,14191,1828,0,0,0,5,41,0
92071,44782,1589,0,0,0,12,33,0
65029,23108,549,0,0,0,12,10,0
85774,45894,1978,5,0,0,18,56,0
57029,9891,338,0,0,0,22,17,0
98696,80582,778,0,0,0,6,14,0
64409,15466,292,3,0,0,17,43,0
99173,7993,1620,0,0,0,20,58,0
94130,62091,809,2,0,0,4,34,0
88091,37083,1915,0,0,0,23,60,0
34684,10000,1416,0,0,0,9,41,0
86065,76082,1837,0,0,0,7,37,0
47351,26368,339,0,0,0,7,46,0
64751,40540,1774,0,1,0,0,25,0
87751,7017,874,0,0,0,4,50,0
25954,3085,609,0,0,0,3,27,0
56982,41740,594,0,0,0,8,40,0
88822,54658,1302,1,0,0,3,52,0
39165,10960,1796,0,0,0,3,37,0
24247,3116,1955,0,0,0,14,22,0
24224,23675,508,0,0,0,14,20,0
50926,7673,1918,0,0,0,14,14,0
39335,21049,827,3,0,0,12,34,0
44129,11601,827,6,0,0,3,7,0
85062,4835,1149,0,0,0,3,33,0
30805,6843,1335,0,0,0,1,6,0
52016,21686,1418,0,0,0,0,15,0
79705,12676,1254,0,0,0,22,17,0
92639,45629,582,4,0,0,0,9,0
67743,58956,1004,0,0,0,19,7,0
82906,67787,314,0,0,0,13,47,0
99377,8158,1107,0,0,0,12,55,0
54059,50462,499,0,0,0,7,6,0
50308,37804,511,0,0,0,4,6,0
98457,42280,700,0,0,0,3,49,0
26692,7382,773,0,0,0,0,36,0
97249,91150,1763,0,0,0,8,56,0
79219,77434,1748,0,0,0,3,45,0
39998,7564,241,0,0,0,3,47,0
81967,49995,635,0,1,0,2,22,0
58062,49831,86,0,0,0,11,37,0
62890,8507,1940,0,0,0,3,49,0
86951,48676,1457,4,0,0,2,6,0
82781,70265,1195,0,0,0,7,37,0
66040,43971,58,0,0,0,3,16,0
87920,10876,1297,2,0,0,4,24,0
78316,19286,242,0,0,0,1,43,0
43417,32703,177,2,0,0,10,10,0
69228,67264,1881,0,0,0,7,37,0
48480,2764,447,0,1,0,11,52,0
46739,21984,231,0,0,0,14,60,0
93536,64381,1646,0,0,1,20,3,0
60052,24204,1990,0,0,0,14,6,0
71273,53939,853,0,0,0,3,47,0
71317,46373,840,0,0,1,3,30,0
54480,15037,461,0,0,0,1,8,0
77407,38543,1040,0,0,0,0,8,0
14960,5469,505,0,0,0,3,11,0
51670,23906,456,0,0,1,3,24,0
77292,55099,1102,0,0,0,11,29,0
90761,31871,1873,0,0,0,17,60,0
94633,588,561,0,0,0,4,24,0
85455,31880,690,0,0,0,3,47,0
85551,19152,1297,0,0,0,0,48,0
90863,32755,204,0,0,0,1,28,0
89512,60702,1613,1,0,0,6,29,0
90798,33758,1798,0,0,0,5,39,0
48488,47797,49,0,0,0,7,32,0
89902,78616,1538,0,0,0,4,41,0
25289,4636,1880,0,0,0,3,18,0
86255,36686,880,3,0,0,2,11,0
17251,5058,468,0,0,0,0,37,0
91951,46571,1884,0,0,0,3,12,0
37781,11345,161,0,0,0,3,59,0
82631,67367,21,0,0,0,3,49,0
84847,82892,1936,0,0,0,10,24,0
71531,40798,136,2,0,0,18,13,0
53190,6627,813,0,0,0,3,7,0
91754,40009,639,0,0,0,3,5,0
93574,53059,969,2,0,0,3,5,0
68449,46551,371,0,0,0,3,22,0
93830,70505,1230,0,0,0,17,50,0
55546,52935,1553,0,0,0,0,18,0
42999,40044,1216,0,0,0,3,24,0
57326,41975,309,0,0,0,4,33,0
50870,19040,77,0,0,0,3,55,0
77006,40595,394,3,0,0,7,36,0
66540,44087,62,0,0,0,2,26,0
99739,9932,1297,0,0,0,1,60,0
93861,66008,806,0,0,0,14,42,0
92971,29908,848,0,0,0,3,24,0
85162,68530,877,1,0,0,6,20,0
86409,4588,85,0,0,0,3,42,0
83694,60743,1088,0,0,0,3,4,0
88476,80565,179,0,0,0,3,53,0
99049,16737,1366,0,0,0,3,16,0
44807,16215,1617,0,0,1,3,26,0
49744,38057,905,3,0,1,2,50,0
79068,39161,33,0,0,0,3,12,0
13591,4592,1048,2,0,0,14,41,0
90535,15712,329,0,0,0,3,49,0
76499,49880,211,3,0,0,8,47,0
31412,25816,1366,5,0,0,12,30,0
77689,36526,767,0,0,0,11,52,0
72227,36046,1675,0,0,0,4,36,0
96578,31310,768,0,0,0,3,54,0
95661,34424,1946,0,0,0,6,30,0
75391,67366,1949,0,0,0,3,19,0
91003,72928,484,5,0,0,3,13,0
78415,74305,1764,3,0,0,8,18,0
39129,2671,885,0,0,0,22,59,0
98881,49263,659,0,0,0,17,15,0
88951,15623,273,4,0,0,6,59,0
45839,21068,1586,0,0,0,2,33,0
59013,16117,70,0,0,0,3,50,0
24017,11747,181,0,0,0,22,40,0
98132,21062,99,0,0,0,2,31,0
86391,83704,402,3,0,0,22,20,0
88226,22663,127,0,0,0,3,39,0
36975,7508,770,2,0,0,0,19,0
49736,33171,383,0,1,0,3,28,0
97476,41251,1952,0,0,0,17,26,0
84006,69555,1878,0,0,0,3,39,0
15650,695,516,5,0,0,11,44,0
80534,28967,962,0,0,0,9,60,0
28409,9032,1865,0,0,0,6,59,0
40580,17316,825,0,0,0,0,3,0
76023,56637,585,6,0,0,3,24,0
27146,10964,625,1,0,0,11,44,0
78111,59942,955,0,0,0,3,21,0
5320,1505,336,0,0,1,3,9,0
87504,688,114,0,1,1,2,15,0
74435,17171,1373,6,0,1,3,19,0
17130,15894,847,2,0,0,5,6,0
97329,80937,862,6,0,0,3,29,0
53597,40388,58,0,0,0,9,46,0
71588,18102,274,0,0,0,2,43,0
88382,28181,113,2,0,0,2,41,0